location_id,geolocation,orders,orders_volume
0,"(30.068774,31.2605673)","0,1,2",10
1,"(30.080097,31.1920493)","5,9",20
2,"(30.0751023,32.0092723)","8,4",15
3,"(28.7222731,33.0219224)",10,8
4,"(29.788209,31.5067343)","3,12",12
5,"(29.8379985,31.2924348)","7,17",18
